<?xml version="1.0" encoding="UTF-8" standalone="no"?>
<epp xmlns="urn:ietf:params:xml:ns:epp-1.0" xmlns:xsi="http://www.w3.org/2001/XMLSchema-instance" xsi:schemaLocation="urn:ietf:params:xml:ns:epp-1.0 epp-1.0.xsd">
<command>
<create>
<domain:create xmlns:domain="urn:ietf:params:xml:ns:domain-1.0" xsi:schemaLocation="urn:ietf:params:xml:ns:domain-1.0 domain-1.0.xsd">
<domain:name>[DOMAIN]</domain:name>
<domain:period unit="y">[DOMAIN-YEARS]</domain:period>
<domain:ns>
<domain:hostAttr>
<domain:hostName>[NS1]</domain:hostName>
</domain:hostAttr>
<domain:hostAttr>
<domain:hostName>[NS2]</domain:hostName>
</domain:hostAttr>
</domain:ns>
<domain:registrant>[REGISTRANT-ID]</domain:registrant>
<domain:contact type="admin">[ADMIN-ID]</domain:contact>
<domain:contact type="tech">[TECH-ID]</domain:contact>
<domain:authInfo>
<domain:pw>[AUTHCODE]</domain:pw>
</domain:authInfo>
</domain:create>
</create>
<clTRID>[CLIENTTRID]</clTRID>
</command>
</epp>