<?xml version="1.0" encoding="UTF-8" standalone="no"?>
<epp xmlns="urn:ietf:params:xml:ns:epp-1.0" xmlns:xsi="http://www.w3.org/2001/XMLSchema-instance" xsi:schemaLocation="urn:ietf:params:xml:ns:epp-1.0 epp-1.0.xsd">
<command>
<update>
<domain:update xmlns:domain="urn:ietf:params:xml:ns:domain-1.0" xsi:schemaLocation="urn:ietf:params:xml:ns:domain-1.0 domain-1.0.xsd">
<domain:name>[DOMAIN]</domain:name>
<domain:chg/>
</domain:update>
</update>
<extension>
<rgp:update xmlns:rgp="urn:ietf:params:xml:ns:rgp-1.0" xsi:schemaLocation="urn:ietf:params:xml:ns:rgp-1.0 rgp-1.0.xsd">
<rgp:restore op="request"/>
</rgp:update>
</extension>
<clTRID>[CLIENTTRID]</clTRID>
</command>
</epp>