<?xml version="1.0" encoding="UTF-8" standalone="no"?>
<epp xmlns="urn:ietf:params:xml:ns:epp-1.0" xmlns:xsi="http://www.w3.org/2001/XMLSchema-instance" xsi:schemaLocation="urn:ietf:params:xml:ns:epp-1.0 epp-1.0.xsd">
  <command>
    <create>
      <contact:create xmlns:contact="urn:ietf:params:xml:ns:contact-1.0" xsi:schemaLocation="urn:ietf:params:xml:ns:contact-1.0 contact-1.0.xsd">
        <contact:id>[CONTACT-ID]</contact:id>
        <contact:postalInfo type="int">
          <contact:name>[REGISTRANT]</contact:name>
          <contact:org>[ORG]</contact:org>
          <contact:addr>
            <contact:street>[ADDRESS]</contact:street>
            <contact:street>[ADDRESS2]</contact:street>
            <contact:city>[CITY]</contact:city>
            <contact:sp>[PROVINCE]</contact:sp>
            <contact:pc>[ZIPCODE]</contact:pc>
            <contact:cc>[ISOCOUNTRY]</contact:cc>
          </contact:addr>
        </contact:postalInfo>
        <contact:voice>[TEL]</contact:voice>
        <contact:fax>[FAX]</contact:fax>
        <contact:email>[EMAIL]</contact:email>
        <contact:authInfo>
          <contact:pw>[CONTACTPWD]</contact:pw>
        </contact:authInfo>
      </contact:create>
    </create>
    <clTRID>[CLIENTTRID]</clTRID>
  </command>
</epp>