<?xml version="1.0" encoding="UTF-8" standalone="no"?>
<epp xmlns="urn:ietf:params:xml:ns:epp-1.0" xmlns:xsi="http://www.w3.org/2001/XMLSchema-instance" xsi:schemaLocation="urn:ietf:params:xml:ns:epp-1.0 epp-1.0.xsd">
  <command>
    <update>
      <host:update xmlns:host="urn:ietf:params:xml:ns:host-1.0" xsi:schemaLocation="urn:ietf:params:xml:ns:host-1.0 host-1.0.xsd">
        <host:name>[NS1]</host:name>
        <host:add>
          <host:addr ip="[IPVER]">[IP4]</host:addr>
          <host:status s="clientUpdateProhibited"/>
        </host:add>
        <host:rem>
          <host:addr ip="[IPVER]">[IP6]</host:addr>
        </host:rem>
        <host:chg>
          <host:name>[NS2]</host:name>
        </host:chg>
      </host:update>
    </update>
    <clTRID>[CLIENTTRID]</clTRID>
  </command>
</epp>