<?xml version="1.0" encoding="UTF-8" standalone="no"?>
<epp xmlns="urn:ietf:params:xml:ns:epp-1.0" xmlns:xsi="http://www.w3.org/2001/XMLSchema-instance" xsi:schemaLocation="urn:ietf:params:xml:ns:epp-1.0 epp-1.0.xsd">
  <command>
    <create>
      <host:create xmlns:host="urn:ietf:params:xml:ns:host-1.0" xsi:schemaLocation="urn:ietf:params:xml:ns:host-1.0 host-1.0.xsd">
        <host:name>[NS]</host:name>
        <host:addr ip="[IPVER]">[IP4]</host:addr>
        <host:addr ip="[IPVER]">[IP6]</host:addr>
      </host:create>
    </create>
    <clTRID>[CLIENTTRID]</clTRID>
  </command>
</epp>