<?xml version="1.0" encoding="UTF-8" standalone="no"?>
<epp xmlns="urn:ietf:params:xml:ns:epp-1.0" xmlns:xsi="http://www.w3.org/2001/XMLSchema-instance" xsi:schemaLocation="urn:ietf:params:xml:ns:epp-1.0 epp-1.0.xsd">
  <command>
    <info>
      <domain:info xmlns:domain="urn:ietf:params:xml:ns:domain-1.0" xsi:schemaLocation="urn:ietf:params:xml:ns:domain-1.0 domain-1.0.xsd">
        <domain:name hosts="all">[DOMAIN]</domain:name>
        <domain:authInfo>
          <domain:pw>[AUTHCODE]</domain:pw>
        </domain:authInfo>
      </domain:info>
    </info>
    <clTRID>[CLIENTTRID]</clTRID>
  </command>
</epp>