<?xml version="1.0" encoding="UTF-8" standalone="no"?>
<epp xmlns="urn:ietf:params:xml:ns:epp-1.0" xmlns:xsi="http://www.w3.org/2001/XMLSchema-instance" xsi:schemaLocation="urn:ietf:params:xml:ns:epp-1.0 epp-1.0.xsd">
  <command>
    <renew>
      <domain:renew xmlns:domain="urn:ietf:params:xml:ns:domain-1.0" xsi:schemaLocation="urn:ietf:params:xml:ns:domain-1.0 domain-1.0.xsd">
        <domain:name>[DOMAIN]</domain:name>
        <domain:curExpDate>[DOMAIN-CURRENT-EXPIRING]</domain:curExpDate>
        <domain:period unit="y">[DOMAIN-YEARS]</domain:period>
      </domain:renew>
    </renew>
    <clTRID>[CLIENTTRID]</clTRID>
  </command>
</epp>