<?xml version="1.0" encoding="UTF-8" standalone="no"?>
<epp xmlns="urn:ietf:params:xml:ns:epp-1.0" xmlns:xsi="http://www.w3.org/2001/XMLSchema-instance" xsi:schemaLocation="urn:ietf:params:xml:ns:epp-1.0 epp-1.0.xsd">
  <command>
    <transfer op="request">
      <domain:transfer xmlns:domain="urn:ietf:params:xml:ns:domain-1.0" xsi:schemaLocation="urn:ietf:params:xml:ns:domain-1.0 domain-1.0.xsd">
        <domain:name>[DOMAIN]</domain:name>
        <domain:period unit="y">[DOMAIN-YEARS]</domain:period>
        <domain:authInfo>
          <domain:pw roid="[ROIDCODE]">[AUTHCODE]</domain:pw>
        </domain:authInfo>
      </domain:transfer>
    </transfer>
    <clTRID>[CLIENTTRID]</clTRID>
  </command>
</epp>