<epp xmlns='urn:ietf:params:xml:ns:epp-1.0' xmlns:xsi='http://www.w3.org/2001/XMLSchema-instance' xsi:schemaLocation='urn:ietf:params:xml:ns:epp-1.0 epp-1.0.xsd'>
   <command>
        <transfer op='request'>
            <domain:transfer xmlns:domain='urn:ietf:params:xml:ns:domain-1.0' xsi:schemaLocation='urn:ietf:params:xml:ns:domain-1.0 domain-1.0.xsd'>
                <domain:name>[DOMAIN]</domain:name>
                <domain:period unit='y'>[DOMAIN-YEARS]</domain:period>
                <domain:authInfo>
                 <domain:pw roid='[ROIDCODE]'>test-transfer</domain:pw>
                </domain:authInfo>
            </domain:transfer>
        </transfer>
        <clTRID>[CLIENTTRID]</clTRID>
        <extension>
            <oxrs:transfer xmlns:oxrs='urn:ietf:params:xml:ns:oxrs-1.0' xsi:schemaLocation='urn:ietf:params:xml:ns:oxrs-1.0 oxrs-1.0.xsd'>
                <oxrs:registrant>[REGISTRANT-ID]</oxrs:registrant>
                <oxrs:contact type='tech'>[TECH-ID]</oxrs:contact>
                <oxrs:contact type='admin'>[ADMIN-ID]</oxrs:contact>
                <oxrs:contact type='billing'>[BILLING-ID]</oxrs:contact>
            </oxrs:transfer>
        </extension>
   </command>
</epp>