<?xml version="1.0" encoding="UTF-8" standalone="no"?>
<epp xmlns="urn:ietf:params:xml:ns:epp-1.0" xmlns:xsi="http://www.w3.org/2001/XMLSchema-instance" xsi:schemaLocation="urn:ietf:params:xml:ns:epp-1.0 epp-1.0.xsd">
<command>
<create>
<contact:create xmlns:contact="urn:ietf:params:xml:ns:contact-1.0" xsi:schemaLocation="urn:ietf:params:xml:ns:contact-1.0 contact-1.0.xsd">
<contact:id>[CONTACT-ID]</contact:id>
<contact:postalInfo type="loc">
<contact:name>[CONTACT-NAME]</contact:name>
<contact:org>[CONTACT-ORG]</contact:org>
<contact:addr>
<contact:street>[ADDRESS]</contact:street>
<contact:city>[CITY]</contact:city>
<contact:sp>[STATE]</contact:sp>
<contact:pc>[ZIPCODE]</contact:pc>
<contact:cc>[COUNTRY]</contact:cc>
</contact:addr>
</contact:postalInfo>
<contact:voice>[TELEPHONE]</contact:voice>
<contact:fax>[FAX]</contact:fax>
<contact:email>[EMAIL]</contact:email>
<contact:authInfo>
<contact:pw>[PASSWORD]</contact:pw>
</contact:authInfo>
</contact:create>
</create>
<extension>
<extcon:create xmlns:extcon="http://www.nic.it/ITNIC-EPP/extcon-1.0" xsi:schemaLocation="http://www.nic.it/ITNIC-EPP/extcon-1.0 extcon-1.0.xsd">
<extcon:consentForPublishing>[PUBBLISH]</extcon:consentForPublishing>
</extcon:create>
</extension>
<clTRID>[CLIENTTRID]</clTRID>
</command>
</epp>