<?xml version="1.0" encoding="UTF-8" standalone="no"?>
<epp xmlns="urn:ietf:params:xml:ns:epp-1.0" xmlns:xsi="http://www.w3.org/2001/XMLSchema-instance" xsi:schemaLocation="urn:ietf:params:xml:ns:epp-1.0 epp-1.0.xsd">
<command>
<login>
<clID>[EPPUSERNAME]</clID>
<pw>[EPPPASSWORD]</pw>
<options>
<version>1.0</version>
<lang>en</lang>
</options>
<svcs>
<objURI>urn:ietf:params:xml:ns:host-1.0</objURI>
<objURI>urn:ietf:params:xml:ns:contact-1.0</objURI>
<objURI>urn:ietf:params:xml:ns:domain-1.0</objURI>
<svcExtension>
<extURI>http://schema.ispapi.net/epp/xml/keyvalue-1.0</extURI>
</svcExtension>
</svcs>
</login>
<clTRID>[CLIENTTRID]</clTRID>
</command>
</epp>