<?xml version="1.0" encoding="UTF-8" standalone="no"?>
<epp xmlns="urn:ietf:params:xml:ns:epp-1.0" xmlns:xsi="http://www.w3.org/2001/XMLSchema-instance" xsi:schemaLocation="urn:ietf:params:xml:ns:epp-1.0 epp-1.0.xsd">
<command>
<update>
<contact:update xmlns:contact="urn:ietf:params:xml:ns:contact-1.0" xsi:schemaLocation="urn:ietf:params:xml:ns:contact-1.0 contact-1.0.xsd">
<contact:id>[CONTACT-ID]</contact:id>
<contact:chg>
</contact:chg>
</contact:update>
</update>
<extension>
<extcon:update xmlns:extcon="http://www.nic.it/ITNIC-EPP/extcon-1.0" xsi:schemaLocation="http://www.nic.it/ITNIC-EPP/extcon-1.0 extcon-1.0.xsd">
<extcon:consentForPublishing>[CONSENT]</extcon:consentForPublishing>
</extcon:update>
</extension>
<clTRID>[CLIENTTRID]</clTRID>
</command>
</epp>