<?xml version="1.0" encoding="UTF-8" standalone="no"?>
<epp xmlns="urn:ietf:params:xml:ns:epp-1.0">
<command>
<login>
<clID>[EPPUSERNAME]</clID>
<pw>[EPPPASSWORD]</pw>
<options>
<version>1.0</version>
<lang>en</lang>
</options>
<svcs>
<objURI>urn:ietf:params:xml:ns:contact-1.0</objURI>
<objURI>urn:ietf:params:xml:ns:domain-1.0</objURI>
<svcExtension>
<extURI>http://www.nic.it/ITNIC-EPP/extepp-1.0</extURI>
<extURI>http://www.nic.it/ITNIC-EPP/extcon-1.0</extURI>
<extURI>http://www.nic.it/ITNIC-EPP/extdom-1.0</extURI>
<extURI>urn:ietf:params:xml:ns:rgp-1.0</extURI>
</svcExtension>
</svcs>
</login>
</command>
</epp>